label,idx,kind,from,to,warmup,ph_appeared,ph_seen_ms,ph_gone_ms,route_ms,remounted,remount_ms,first_content_ms,switch_ack_ms,history_ms,history_bytes,live_resume_ms,first_output_ms,chunk_frames,chunk_first_ms,chunk_last_ms,ws_frames,want_history,keepalive_panes,keys_at_ms,live_ms,live_after_keys_ms,post_live_after_keys_ms,timeout
baseline2,0,cross,%0,%2,1,1,25.4,39.6,5.5,1,39.6,100.4,32.8,91.9,32380,542.9,543,0,,,19,1,0,8.3,100.4,92.1,39.9,0
baseline2,1,cross,%2,%1,1,1,24.5,31.2,5.7,1,49.3,94.2,29.8,88.9,32380,521.9,522.3,0,,,22,1,0,6.2,94.2,88,38.3,0
baseline2,2,cross,%1,%2,0,1,26,38.7,5.5,1,38.7,108.8,36.3,101.3,32454,551.4,,0,,,16,1,0,5.2,108.8,103.6,50.7,0
baseline2,3,cross,%2,%0,0,1,22.4,30.6,5.3,1,30.6,89.2,27.6,84.2,32380,535.4,535.5,0,,,23,1,0,5.8,89.2,83.4,41.2,0
baseline2,4,cross,%0,%2,0,1,22,32.1,5.9,1,32.1,84.9,26.5,77.7,32528,529.7,,0,,,16,1,0,5.4,84.9,79.5,34.8,0
baseline2,5,cross,%2,%1,0,1,25.5,45,4.7,1,45,113.8,32.5,108.6,32454,557.1,557.2,0,,,22,1,0,7.9,113.8,105.9,35.9,0
baseline2,6,cross,%1,%2,0,1,26.6,33,13.4,1,33,85.7,29.4,78.7,32602,529.9,,0,,,14,1,0,5.9,85.7,79.8,37.2,0
baseline2,7,cross,%2,%0,0,1,30.2,39.1,12.7,1,54.5,107.7,37.7,102.8,32454,544,544.2,0,,,23,1,0,9.6,107.7,98.1,40.3,0
baseline2,8,cross,%0,%2,0,1,31.6,44.5,13.9,1,44.5,141.9,38,135,32676,585.4,,0,,,18,1,0,19.1,141.9,122.8,42.3,0
baseline2,9,cross,%2,%1,0,1,30.2,42.1,13.8,1,42.1,94.6,36,89.8,32530,541.7,542,0,,,21,1,0,6.1,94.6,88.5,59.8,0
baseline2,10,cross,%1,%2,0,1,25.2,35.3,5.8,1,35.3,97.2,30.2,89.9,32752,539.3,,0,,,16,1,0,11.2,97.2,86,41.7,0
baseline2,11,cross,%2,%0,0,1,22.8,31.2,5.1,1,31.2,125.1,28.8,120.3,32530,571.4,571.6,0,,,21,1,0,6.8,125.1,118.3,32.1,0
baseline2,12,cross,%0,%2,0,1,21.4,37.7,5.5,1,37.7,139.5,25.7,131.2,32830,581.4,,0,,,18,1,0,5.7,139.5,133.8,45.4,0
baseline2,13,cross,%2,%1,0,1,17.3,140.1,0.5,1,140.1,341.6,130.5,326.7,32608,777.7,777.8,0,,,19,1,0,276,341.6,65.6,33.2,0
baseline2,14,cross,%1,%2,0,1,31.9,74.7,13.3,1,74.7,179.8,68.5,173.3,32908,624.2,,0,,,18,1,0,14.3,179.8,165.5,39.8,0
baseline2,15,cross,%2,%0,0,1,28.8,38,3.8,1,38,130.2,32.5,125.5,32608,576.4,576.5,0,,,19,1,0,8.4,130.2,121.8,34.5,0
baseline2,0,same,%0,%1,1,0,,0,14,1,22.3,22.3,,,,,22,0,,,6,,0,4.8,39.9,35.1,32.8,0
baseline2,1,same,%1,%0,1,0,,0,5.4,1,14.6,14.6,,,,,26.6,0,,,4,,0,7.7,49.3,41.6,36.7,0
baseline2,2,same,%0,%1,0,0,,0,13.4,1,21.7,21.7,,,,,25.2,0,,,4,,0,7.9,47.5,39.6,43.9,0
baseline2,3,same,%1,%0,0,0,,0,5.6,1,16.2,16.2,,,,,23.5,0,,,5,,0,5.9,39.9,34,39,0
baseline2,4,same,%0,%1,0,0,,0,6.2,1,19.4,19.4,,,,,23.3,0,,,6,,0,5.8,39.5,33.7,33,0
baseline2,5,same,%1,%0,0,0,,0,2.9,1,23.3,23.3,,,,,33.9,0,,,4,,0,16.5,57,40.5,48.2,0
baseline2,6,same,%0,%1,0,0,,0,3.9,1,13.9,13.9,,,,,24.4,0,,,4,,0,7.2,46.5,39.3,45.1,0
baseline2,7,same,%1,%0,0,0,,0,6.1,1,14.9,14.9,,,,,25.7,0,,,4,,0,8.9,42.1,33.2,50,0
baseline2,8,same,%0,%1,0,0,,0,10.5,1,22.4,22.4,,,,,27.9,0,,,4,,0,10.8,45.5,34.7,49.2,0
baseline2,9,same,%1,%0,0,0,,0,9.2,1,17.8,17.8,,,,,23.7,0,,,4,,0,6.3,44.5,38.2,41.8,0
baseline2,10,same,%0,%1,0,0,,0,4.9,1,13.2,13.2,,,,,24.4,0,,,4,,0,6.8,49.4,42.6,46.8,0
baseline2,11,same,%1,%0,0,0,,0,7.5,1,16.4,16.4,,,,,26.8,0,,,6,,0,9,49.2,40.2,35.5,0
baseline2,12,same,%0,%1,0,0,,0,13.4,1,23.7,23.7,,,,,24.8,0,,,5,,0,6,47.3,41.3,39.3,0
baseline2,13,same,%1,%0,0,0,,0,13.8,1,24,24,,,,,25.3,0,,,4,,0,6.9,40.1,33.2,36.2,0
baseline2,14,same,%0,%1,0,0,,0,13.1,1,21.7,21.7,,,,,24.9,0,,,4,,0,7.2,46.5,39.3,38.3,0
baseline2,15,same,%1,%0,0,0,,0,13.2,1,21.9,21.9,,,,,25,0,,,6,,0,7.9,47.1,39.2,57.6,0
baseline2,0,single,%2,%3,1,1,29.3,39.4,11.9,1,39.4,96.6,36.1,88.7,32382,539.2,539.3,0,,,18,1,0,9.2,96.6,87.4,39.2,0
baseline2,1,single,%3,%4,1,1,19.5,31,5.5,1,31,144,27.1,118.3,32382,556.7,556.9,0,,,27,1,0,5.7,144,138.3,36.7,0
baseline2,2,single,%4,%2,1,1,18.4,27.9,5.8,1,27.9,81.1,21,74.3,32986,523.5,,0,,,13,1,0,6.2,81.1,74.9,41.7,0
baseline2,3,single,%2,%3,0,1,28,39,13.7,1,39,127.3,32.8,119.2,32460,570.1,,0,,,18,1,0,6.4,127.3,120.9,45.1,0
baseline2,4,single,%3,%4,0,1,18.5,28,5.6,1,28,68.5,21.2,60.7,32460,522.1,,0,,,13,1,0,5.5,68.5,63,43.1,0
baseline2,5,single,%4,%2,0,1,19.7,33,5.6,1,33,89.7,25.3,83.6,33064,534.5,,0,,,17,1,0,7.7,89.7,82,36.7,0
baseline2,6,single,%2,%3,0,1,19,22.9,5.6,1,30.8,89.9,22,82.7,32538,532.6,,0,,,15,1,0,5.4,89.9,84.5,39.8,0
baseline2,7,single,%3,%4,0,1,23.2,36.8,5.4,1,36.8,85.8,29.8,78.7,32538,529.7,529.9,0,,,16,1,0,21.5,85.8,64.3,46.8,0
baseline2,8,single,%4,%2,0,1,26.3,29.8,12,1,37.7,81.6,28.8,76.7,33142,528.9,,0,,,16,1,0,12.6,81.6,69,47.4,0
baseline2,9,single,%2,%3,0,1,20.4,30.8,5.5,1,30.8,112.7,24.9,104.9,32616,555.8,,0,,,17,1,0,5.9,112.7,106.8,48.1,0
baseline2,10,single,%3,%4,0,1,19.3,31.2,3.7,1,31.2,113.6,25.3,105.3,32616,556.3,,0,,,17,1,0,11.2,113.6,102.4,38.6,0
baseline2,11,single,%4,%2,0,1,28.8,39.4,14.1,1,39.4,81.1,31.7,75.2,33220,526.1,,0,,,15,1,0,4.8,81.1,76.3,32.5,0
baseline2,12,single,%2,%3,0,1,19.3,31,5.5,1,31,76.6,21.8,69.6,32694,520,,0,,,18,1,0,6,76.6,70.6,36,0
baseline2,13,single,%3,%4,0,1,28.2,40.9,12.9,1,40.9,98.9,48.4,90.9,32694,543.8,,0,,,16,1,0,4.6,98.9,94.3,37.8,0
baseline2,14,single,%4,%2,0,1,19.4,30.3,4.2,1,30.3,100.2,24.2,95.4,33298,546.8,,0,,,15,1,0,7,100.2,93.2,42,0
baseline2,15,single,%2,%3,0,1,27.5,37.7,9.7,1,37.7,78.7,32.4,72.6,32772,522.8,,0,,,15,1,0,6.1,78.7,72.6,42.1,0
